,Tweet,tokenization,filter_tokens,normalized,stemmed
0,terjangkau hubungi kavling tanah dijual murah di kavling desa wisata kebun buah saung estetik dekat jakarta,"['terjangkau', 'hubungi', 'kavling', 'tanah', 'dijual', 'murah', 'di', 'kavling', 'desa', 'wisata', 'kebun', 'buah', 'saung', 'estetik', 'dekat', 'jakarta']","['terjangkau', 'hubungi', 'kavling', 'tanah', 'dijual', 'murah', 'kavling', 'desa', 'wisata', 'kebun', 'buah', 'saung', 'estetik', 'jakarta']","['terjangkau', 'hubungi', 'kavling', 'tanah', 'dijual', 'murah', 'kavling', 'desa', 'wisata', 'kebun', 'buah', 'saung', 'estetik', 'jakarta']","['jangkau', 'hubung', 'kavling', 'tanah', 'jual', 'murah', 'kavling', 'desa', 'wisata', 'kebun', 'buah', 'saung', 'estetik', 'jakarta']"
1,akwowakoawkaow kos gawe di jakarta wae,"['akwowakoawkaow', 'kos', 'gawe', 'di', 'jakarta', 'wae']","['akwowakoawkaow', 'kos', 'gawe', 'jakarta', 'wae']","['akwowakoawkaow', 'kos', 'gawe', 'jakarta', 'wae']","['akwowakoawkaow', 'kos', 'gawe', 'jakarta', 'wae']"
2,damage nya ga parah banget nih nder take all ada potongan harga kea cek condi di dm jakarta freong keep event freebies inc packing sdh termasuk packing,"['damage', 'nya', 'ga', 'parah', 'banget', 'nih', 'nder', 'take', 'all', 'ada', 'potongan', 'harga', 'kea', 'cek', 'condi', 'di', 'dm', 'jakarta', 'freong', 'keep', 'event', 'freebies', 'inc', 'packing', 'sdh', 'termasuk', 'packing']","['damage', 'parah', 'banget', 'nder', 'take', 'all', 'potongan', 'harga', 'kea', 'cek', 'condi', 'dm', 'jakarta', 'freong', 'keep', 'event', 'freebies', 'inc', 'packing', 'packing']","['damage', 'parah', 'banget', 'nder', 'take', 'all', 'potongan', 'harga', 'kea', 'cek', 'condi', 'dm', 'jakarta', 'freong', 'keep', 'event', 'freebies', 'inc', 'packing', 'packing']","['damage', 'parah', 'banget', 'nder', 'take', 'all', 'potong', 'harga', 'kea', 'cek', 'condi', 'dm', 'jakarta', 'freong', 'keep', 'event', 'freebies', 'inc', 'packing', 'packing']"
3,rt goodbener mengajak kita semua warga dki jakarta untuk menggapai keberkahan allah dengan serentak membaca alq,"['rt', 'goodbener', 'mengajak', 'kita', 'semua', 'warga', 'dki', 'jakarta', 'untuk', 'menggapai', 'keberkahan', 'allah', 'dengan', 'serentak', 'membaca', 'alq']","['goodbener', 'mengajak', 'warga', 'dki', 'jakarta', 'menggapai', 'keberkahan', 'allah', 'serentak', 'membaca', 'alq']","['goodbener', 'mengajak', 'warga', 'dki', 'jakarta', 'menggapai', 'keberkahan', 'allah', 'serentak', 'membaca', 'alq']","['goodbener', 'ajak', 'warga', 'dki', 'jakarta', 'gapai', 'berkah', 'allah', 'serentak', 'baca', 'alq']"
4,berikut delapan dukungan yang disampaikan anies dibutuhkan jakarta dari pemerintah pusat yakni,"['berikut', 'delapan', 'dukungan', 'yang', 'disampaikan', 'anies', 'dibutuhkan', 'jakarta', 'dari', 'pemerintah', 'pusat', 'yakni']","['delapan', 'dukungan', 'anies', 'dibutuhkan', 'jakarta', 'pemerintah', 'pusat']","['delapan', 'dukungan', 'anies', 'dibutuhkan', 'jakarta', 'pemerintah', 'pusat']","['delapan', 'dukung', 'anies', 'butuh', 'jakarta', 'perintah', 'pusat']"
5,rt pejabat jika sudah tercap pembohong pleh rakyat nya apalagi yg akan kalian lakukan agar tak lebih memalukan lagi,"['rt', 'pejabat', 'jika', 'sudah', 'tercap', 'pembohong', 'pleh', 'rakyat', 'nya', 'apalagi', 'yg', 'akan', 'kalian', 'lakukan', 'agar', 'tak', 'lebih', 'memalukan', 'lagi']","['pejabat', 'tercap', 'pembohong', 'pleh', 'rakyat', 'lakukan', 'memalukan']","['pejabat', 'tercap', 'pembohong', 'pleh', 'rakyat', 'lakukan', 'memalukan']","['jabat', 'cap', 'bohong', 'pleh', 'rakyat', 'laku', 'malu']"
6,rt salah satu lukisan yang dipamerkan di pameran internasional kaligrafi kontemporer di jic jakarta,"['rt', 'salah', 'satu', 'lukisan', 'yang', 'dipamerkan', 'di', 'pameran', 'internasional', 'kaligrafi', 'kontemporer', 'di', 'jic', 'jakarta']","['salah', 'lukisan', 'dipamerkan', 'pameran', 'internasional', 'kaligrafi', 'kontemporer', 'jic', 'jakarta']","['salah', 'lukisan', 'dipamerkan', 'pameran', 'internasional', 'kaligrafi', 'kontemporer', 'jic', 'jakarta']","['salah', 'lukis', 'pamer', 'pamer', 'internasional', 'kaligrafi', 'kontemporer', 'jic', 'jakarta']"
7,berikut jadwal imsakiyah untuk wilayah dki jakarta amp sekitarnya selamat menunaikan ibadah puasa sahabat sonora yuk like save amp share informasi ini,"['berikut', 'jadwal', 'imsakiyah', 'untuk', 'wilayah', 'dki', 'jakarta', 'amp', 'sekitarnya', 'selamat', 'menunaikan', 'ibadah', 'puasa', 'sahabat', 'sonora', 'yuk', 'like', 'save', 'amp', 'share', 'informasi', 'ini']","['jadwal', 'imsakiyah', 'wilayah', 'dki', 'jakarta', 'selamat', 'menunaikan', 'ibadah', 'puasa', 'sahabat', 'sonora', 'yuk', 'like', 'save', 'share', 'informasi']","['jadwal', 'imsakiyah', 'wilayah', 'dki', 'jakarta', 'selamat', 'menunaikan', 'ibadah', 'puasa', 'sahabat', 'sonora', 'yuk', 'like', 'save', 'share', 'informasi']","['jadwal', 'imsakiyah', 'wilayah', 'dki', 'jakarta', 'selamat', 'tunai', 'ibadah', 'puasa', 'sahabat', 'sonora', 'yuk', 'like', 'save', 'share', 'informasi']"
8,sudahkah kamu join grup hari ini dm gan kalo mau,"['sudahkah', 'kamu', 'join', 'grup', 'hari', 'ini', 'dm', 'gan', 'kalo', 'mau']","['join', 'grup', 'dm', 'gan']","['join', 'grup', 'dm', 'gan']","['join', 'grup', 'dm', 'gan']"
9,dokgi jakarta di tempat praktek yg tepat jem kerja part time penghasilannya bisa full time,"['dokgi', 'jakarta', 'di', 'tempat', 'praktek', 'yg', 'tepat', 'jem', 'kerja', 'part', 'time', 'penghasilannya', 'bisa', 'full', 'time']","['dokgi', 'jakarta', 'praktek', 'jem', 'kerja', 'part', 'time', 'penghasilannya', 'full', 'time']","['dokgi', 'jakarta', 'praktek', 'jem', 'kerja', 'part', 'time', 'penghasilannya', 'full', 'time']","['dokgi', 'jakarta', 'praktek', 'jem', 'kerja', 'part', 'time', 'hasil', 'full', 'time']"
10,jakarta untung udah bali wkwk,"['jakarta', 'untung', 'udah', 'bali', 'wkwk']","['jakarta', 'untung', 'udah', 'bali', 'wkwk']","['jakarta', 'untung', 'udah', 'bali', 'wkwk']","['jakarta', 'untung', 'udah', 'bal', 'wkwk']"
11,rt org orang jakarta mungkin tidak tahu bahwa kota ini sedang mengalami kehilangan besar jakarta kehilangan rasdullah pemimpin,"['rt', 'org', 'orang', 'jakarta', 'mungkin', 'tidak', 'tahu', 'bahwa', 'kota', 'ini', 'sedang', 'mengalami', 'kehilangan', 'besar', 'jakarta', 'kehilangan', 'rasdullah', 'pemimpin']","['org', 'orang', 'jakarta', 'kota', 'mengalami', 'kehilangan', 'jakarta', 'kehilangan', 'rasdullah', 'pemimpin']","['orang', 'orang', 'jakarta', 'kota', 'mengalami', 'kehilangan', 'jakarta', 'kehilangan', 'rasdullah', 'pemimpin']","['orang', 'orang', 'jakarta', 'kota', 'alami', 'hilang', 'jakarta', 'hilang', 'rasdullah', 'pimpin']"
12,terlaris hubungi jual kavling tanah murah di kavling desa wisata kebun buah saung estetik dekat jakarta,"['terlaris', 'hubungi', 'jual', 'kavling', 'tanah', 'murah', 'di', 'kavling', 'desa', 'wisata', 'kebun', 'buah', 'saung', 'estetik', 'dekat', 'jakarta']","['terlaris', 'hubungi', 'jual', 'kavling', 'tanah', 'murah', 'kavling', 'desa', 'wisata', 'kebun', 'buah', 'saung', 'estetik', 'jakarta']","['terlaris', 'hubungi', 'jual', 'kavling', 'tanah', 'murah', 'kavling', 'desa', 'wisata', 'kebun', 'buah', 'saung', 'estetik', 'jakarta']","['laris', 'hubung', 'jual', 'kavling', 'tanah', 'murah', 'kavling', 'desa', 'wisata', 'kebun', 'buah', 'saung', 'estetik', 'jakarta']"
13,rt idha festival ramadhan dan telur paskah bersanding harmoni di ruang publik jakarta cakeepp,"['rt', 'idha', 'festival', 'ramadhan', 'dan', 'telur', 'paskah', 'bersanding', 'harmoni', 'di', 'ruang', 'publik', 'jakarta', 'cakeepp']","['idha', 'festival', 'ramadhan', 'telur', 'paskah', 'bersanding', 'harmoni', 'ruang', 'publik', 'jakarta', 'cakeepp']","['idha', 'festival', 'ramadhan', 'telur', 'paskah', 'bersanding', 'harmoni', 'ruang', 'publik', 'jakarta', 'cakeepp']","['idha', 'festival', 'ramadhan', 'telur', 'paskah', 'sanding', 'harmoni', 'ruang', 'publik', 'jakarta', 'cakeepp']"
14,jungwon lenti down aja kak dom jakarta,"['jungwon', 'lenti', 'down', 'aja', 'kak', 'dom', 'jakarta']","['jungwon', 'lenti', 'down', 'kak', 'dom', 'jakarta']","['jungwon', 'lenti', 'down', 'kak', 'dom', 'jakarta']","['jungwon', 'lenti', 'down', 'kak', 'dom', 'jakarta']"
15,rt base jakarta todays cawang jakarta timut gemoy gemoy,"['rt', 'base', 'jakarta', 'todays', 'cawang', 'jakarta', 'timut', 'gemoy', 'gemoy']","['base', 'jakarta', 'todays', 'cawang', 'jakarta', 'timut', 'gemoy', 'gemoy']","['base', 'jakarta', 'todays', 'cawang', 'jakarta', 'timut', 'gemoy', 'gemoy']","['base', 'jakarta', 'todays', 'cawang', 'jakarta', 'timut', 'gemoy', 'gemoy']"
16,demi terciptanya herd immunity polres jakarta utara menggelar vaksinasi booster di mal artha gading bukber disiplin prokes,"['demi', 'terciptanya', 'herd', 'immunity', 'polres', 'jakarta', 'utara', 'menggelar', 'vaksinasi', 'booster', 'di', 'mal', 'artha', 'gading', 'bukber', 'disiplin', 'prokes']","['terciptanya', 'herd', 'immunity', 'polres', 'jakarta', 'utara', 'menggelar', 'vaksinasi', 'booster', 'mal', 'artha', 'gading', 'bukber', 'disiplin', 'prokes']","['terciptanya', 'herd', 'immunity', 'polres', 'jakarta', 'utara', 'menggelar', 'vaksinasi', 'booster', 'mal', 'artha', 'gading', 'bukber', 'disiplin', 'prokes']","['cipta', 'herd', 'immunity', 'polres', 'jakarta', 'utara', 'gelar', 'vaksinasi', 'booster', 'mal', 'artha', 'gading', 'bukber', 'disiplin', 'prokes']"
17,ppkm jakarta dimana saja,"['ppkm', 'jakarta', 'dimana', 'saja']","['ppkm', 'jakarta', 'dimana']","['ppkm', 'jakarta', 'dimana']","['ppkm', 'jakarta', 'mana']"
18,rt salah satu lukisan yang dipamerkan di pameran internasional kaligrafi kontemporer di jic jakarta,"['rt', 'salah', 'satu', 'lukisan', 'yang', 'dipamerkan', 'di', 'pameran', 'internasional', 'kaligrafi', 'kontemporer', 'di', 'jic', 'jakarta']","['salah', 'lukisan', 'dipamerkan', 'pameran', 'internasional', 'kaligrafi', 'kontemporer', 'jic', 'jakarta']","['salah', 'lukisan', 'dipamerkan', 'pameran', 'internasional', 'kaligrafi', 'kontemporer', 'jic', 'jakarta']","['salah', 'lukis', 'pamer', 'pamer', 'internasional', 'kaligrafi', 'kontemporer', 'jic', 'jakarta']"
19,ketemu mantan di pom bensin random padahal bukan daerah deket rumah dan dia juga udah pindah ke jakarta,"['ketemu', 'mantan', 'di', 'pom', 'bensin', 'random', 'padahal', 'bukan', 'daerah', 'deket', 'rumah', 'dan', 'dia', 'juga', 'udah', 'pindah', 'ke', 'jakarta']","['ketemu', 'mantan', 'pom', 'bensin', 'random', 'daerah', 'deket', 'rumah', 'udah', 'pindah', 'jakarta']","['ketemu', 'mantan', 'pom', 'bensin', 'random', 'daerah', 'deket', 'rumah', 'udah', 'pindah', 'jakarta']","['ketemu', 'mantan', 'pom', 'bensin', 'random', 'daerah', 'deket', 'rumah', 'udah', 'pindah', 'jakarta']"
20,rt asmara sebelumnya blessmiyanda dipecat dari jabatannya oleh gubernur anies baswedan lantaran diduga melakukan pelecehan seksu,"['rt', 'asmara', 'sebelumnya', 'blessmiyanda', 'dipecat', 'dari', 'jabatannya', 'oleh', 'gubernur', 'anies', 'baswedan', 'lantaran', 'diduga', 'melakukan', 'pelecehan', 'seksu']","['asmara', 'blessmiyanda', 'dipecat', 'jabatannya', 'gubernur', 'anies', 'baswedan', 'lantaran', 'diduga', 'pelecehan', 'seksu']","['asmara', 'blessmiyanda', 'dipecat', 'jabatannya', 'gubernur', 'anies', 'baswedan', 'lantaran', 'diduga', 'pelecehan', 'seksu']","['asmara', 'blessmiyanda', 'pecat', 'jabat', 'gubernur', 'anies', 'baswedan', 'lantar', 'duga', 'leceh', 'seksu']"
21,rt dikirim teman vid mengajak warga muslim jakarta melakukan kegiatan ngaji bersama tgl pukul wib bi,"['rt', 'dikirim', 'teman', 'vid', 'mengajak', 'warga', 'muslim', 'jakarta', 'melakukan', 'kegiatan', 'ngaji', 'bersama', 'tgl', 'pukul', 'wib', 'bi']","['dikirim', 'teman', 'vid', 'mengajak', 'warga', 'muslim', 'jakarta', 'kegiatan', 'ngaji', 'tgl', 'wib', 'bi']","['dikirim', 'teman', 'vid', 'mengajak', 'warga', 'muslim', 'jakarta', 'kegiatan', 'ngaji', 'tgl', 'wib', 'bi']","['kirim', 'teman', 'vid', 'ajak', 'warga', 'muslim', 'jakarta', 'giat', 'ngaji', 'tgl', 'wib', 'bi']"
22,akura hallo ka dapat dipilih pada saat registrasi pendaftaran upbjj ut jakarta byda,"['akura', 'hallo', 'ka', 'dapat', 'dipilih', 'pada', 'saat', 'registrasi', 'pendaftaran', 'upbjj', 'ut', 'jakarta', 'byda']","['akura', 'hallo', 'ka', 'dipilih', 'registrasi', 'pendaftaran', 'upbjj', 'ut', 'jakarta', 'byda']","['akura', 'hallo', 'ka', 'dipilih', 'registrasi', 'pendaftaran', 'upbjj', 'ut', 'jakarta', 'byda']","['akura', 'hallo', 'ka', 'pilih', 'registrasi', 'daftar', 'upbjj', 'ut', 'jakarta', 'byda']"
23,mungkin dia ingin mengurangi dosanya selama ini sudah membohongi warga jakarta,"['mungkin', 'dia', 'ingin', 'mengurangi', 'dosanya', 'selama', 'ini', 'sudah', 'membohongi', 'warga', 'jakarta']","['mengurangi', 'dosanya', 'membohongi', 'warga', 'jakarta']","['mengurangi', 'dosanya', 'membohongi', 'warga', 'jakarta']","['kurang', 'dosa', 'bohong', 'warga', 'jakarta']"
24,rt ready pijat reflexi dan kebugaran panggilan untuk pria dan wanita area,"['rt', 'ready', 'pijat', 'reflexi', 'dan', 'kebugaran', 'panggilan', 'untuk', 'pria', 'dan', 'wanita', 'area']","['ready', 'pijat', 'reflexi', 'kebugaran', 'panggilan', 'pria', 'wanita', 'area']","['ready', 'pijat', 'reflexi', 'kebugaran', 'panggilan', 'pria', 'wanita', 'area']","['ready', 'pijat', 'reflexi', 'bugar', 'panggil', 'pria', 'wanita', 'area']"
25,bpn menteri agraria tata ruangkepala badan pertanahan nasional atrbpn sofyan djalil menerima audiensi dari pengurus besar yayasan al jamiyatul washliyah di ruang rapat menteri kantor kementerian atrbpn jakarta kamis,"['bpn', 'menteri', 'agraria', 'tata', 'ruangkepala', 'badan', 'pertanahan', 'nasional', 'atrbpn', 'sofyan', 'djalil', 'menerima', 'audiensi', 'dari', 'pengurus', 'besar', 'yayasan', 'al', 'jamiyatul', 'washliyah', 'di', 'ruang', 'rapat', 'menteri', 'kantor', 'kementerian', 'atrbpn', 'jakarta', 'kamis']","['bpn', 'menteri', 'agraria', 'tata', 'ruangkepala', 'badan', 'pertanahan', 'nasional', 'atrbpn', 'sofyan', 'djalil', 'menerima', 'audiensi', 'pengurus', 'yayasan', 'al', 'jamiyatul', 'washliyah', 'ruang', 'rapat', 'menteri', 'kantor', 'kementerian', 'atrbpn', 'jakarta', 'kamis']","['bpn', 'menteri', 'agraria', 'tata', 'ruangkepala', 'badan', 'pertanahan', 'nasional', 'atrbpn', 'sofyan', 'djalil', 'menerima', 'audiensi', 'pengurus', 'yayasan', 'al', 'jamiyatul', 'washliyah', 'ruang', 'rapat', 'menteri', 'kantor', 'kementerian', 'atrbpn', 'jakarta', 'kamis']","['bpn', 'menteri', 'agraria', 'tata', 'ruangkepala', 'badan', 'tanah', 'nasional', 'atrbpn', 'sofyan', 'djalil', 'terima', 'audiensi', 'urus', 'yayasan', 'al', 'jamiyatul', 'washliyah', 'ruang', 'rapat', 'menteri', 'kantor', 'menteri', 'atrbpn', 'jakarta', 'kamis']"
26,mereka yang gajinya besar dan kerjanya di cikarang memilih tinggal di mana jakarta atau ngontrak selama masa kerja di cikarang,"['mereka', 'yang', 'gajinya', 'besar', 'dan', 'kerjanya', 'di', 'cikarang', 'memilih', 'tinggal', 'di', 'mana', 'jakarta', 'atau', 'ngontrak', 'selama', 'masa', 'kerja', 'di', 'cikarang']","['gajinya', 'kerjanya', 'cikarang', 'memilih', 'tinggal', 'jakarta', 'ngontrak', 'kerja', 'cikarang']","['gajinya', 'kerjanya', 'cikarang', 'memilih', 'tinggal', 'jakarta', 'ngontrak', 'kerja', 'cikarang']","['gaji', 'kerja', 'cikarang', 'pilih', 'tinggal', 'jakarta', 'ngontrak', 'kerja', 'cikarang']"
27,terjangkau hubungi kavling tanah dijual murah di kavling desa wisata kebun buah saung estetik dekat jakarta,"['terjangkau', 'hubungi', 'kavling', 'tanah', 'dijual', 'murah', 'di', 'kavling', 'desa', 'wisata', 'kebun', 'buah', 'saung', 'estetik', 'dekat', 'jakarta']","['terjangkau', 'hubungi', 'kavling', 'tanah', 'dijual', 'murah', 'kavling', 'desa', 'wisata', 'kebun', 'buah', 'saung', 'estetik', 'jakarta']","['terjangkau', 'hubungi', 'kavling', 'tanah', 'dijual', 'murah', 'kavling', 'desa', 'wisata', 'kebun', 'buah', 'saung', 'estetik', 'jakarta']","['jangkau', 'hubung', 'kavling', 'tanah', 'jual', 'murah', 'kavling', 'desa', 'wisata', 'kebun', 'buah', 'saung', 'estetik', 'jakarta']"
28,polri sat lantas jakpus melaksanakan kegiatan sosialisasi imbauan prokes serta memantau pekerjaan jalan rusak yang sedang di perbaiki oleh bina marga di jlkramat kwitang senen jakarta pusat,"['polri', 'sat', 'lantas', 'jakpus', 'melaksanakan', 'kegiatan', 'sosialisasi', 'imbauan', 'prokes', 'serta', 'memantau', 'pekerjaan', 'jalan', 'rusak', 'yang', 'sedang', 'di', 'perbaiki', 'oleh', 'bina', 'marga', 'di', 'jlkramat', 'kwitang', 'senen', 'jakarta', 'pusat']","['polri', 'sat', 'lantas', 'jakpus', 'melaksanakan', 'kegiatan', 'sosialisasi', 'imbauan', 'prokes', 'memantau', 'pekerjaan', 'jalan', 'rusak', 'perbaiki', 'bina', 'marga', 'jlkramat', 'kwitang', 'senen', 'jakarta', 'pusat']","['polri', 'sat', 'lantas', 'jakpus', 'melaksanakan', 'kegiatan', 'sosialisasi', 'imbauan', 'prokes', 'memantau', 'pekerjaan', 'jalan', 'rusak', 'perbaiki', 'bina', 'marga', 'jlkramat', 'kwitang', 'senen', 'jakarta', 'pusat']","['polri', 'sat', 'lantas', 'jakpus', 'laksana', 'giat', 'sosialisasi', 'imbau', 'prokes', 'pantau', 'kerja', 'jalan', 'rusak', 'baik', 'bina', 'marga', 'jlkramat', 'kwitang', 'senen', 'jakarta', 'pusat']"
29,rt help rt hallo tanggal besok aku akan open photoframe yaa aku bagi batch karna takutnya ada yang harus tidur cep,"['rt', 'help', 'rt', 'hallo', 'tanggal', 'besok', 'aku', 'akan', 'open', 'photoframe', 'yaa', 'aku', 'bagi', 'batch', 'karna', 'takutnya', 'ada', 'yang', 'harus', 'tidur', 'cep']","['help', 'hallo', 'tanggal', 'besok', 'open', 'photoframe', 'yaa', 'batch', 'karna', 'takutnya', 'tidur', 'cep']","['help', 'hallo', 'tanggal', 'besok', 'open', 'photoframe', 'yaa', 'batch', 'karena', 'takutnya', 'tidur', 'cep']","['help', 'hallo', 'tanggal', 'besok', 'open', 'photoframe', 'yaa', 'batch', 'karena', 'takut', 'tidur', 'cep']"
30,rt ayo viralkan pesan gubernur dki jakarta untuk serentak seluruh muslimin muslimat wrg jkt dan indonesia membaca surah alfatih,"['rt', 'ayo', 'viralkan', 'pesan', 'gubernur', 'dki', 'jakarta', 'untuk', 'serentak', 'seluruh', 'muslimin', 'muslimat', 'wrg', 'jkt', 'dan', 'indonesia', 'membaca', 'surah', 'alfatih']","['ayo', 'viralkan', 'pesan', 'gubernur', 'dki', 'jakarta', 'serentak', 'muslimin', 'muslimat', 'wrg', 'jkt', 'indonesia', 'membaca', 'surah', 'alfatih']","['ayo', 'viralkan', 'pesan', 'gubernur', 'dki', 'jakarta', 'serentak', 'muslimin', 'muslimat', 'wrg', 'jakarta', 'indonesia', 'membaca', 'surah', 'alfatih']","['ayo', 'viralkan', 'pesan', 'gubernur', 'dki', 'jakarta', 'serentak', 'muslimin', 'muslimat', 'wrg', 'jakarta', 'indonesia', 'baca', 'surah', 'alfatih']"
31,rt union rangkaian keseruan flover indonesia di birthday event happy jiwon jiheon day sskaligus buka bersama pada tanggal,"['rt', 'union', 'rangkaian', 'keseruan', 'flover', 'indonesia', 'di', 'birthday', 'event', 'happy', 'jiwon', 'jiheon', 'day', 'sskaligus', 'buka', 'bersama', 'pada', 'tanggal']","['union', 'rangkaian', 'keseruan', 'flover', 'indonesia', 'birthday', 'event', 'happy', 'jiwon', 'jiheon', 'day', 'sskaligus', 'buka', 'tanggal']","['union', 'rangkaian', 'keseruan', 'flover', 'indonesia', 'birthday', 'event', 'happy', 'jiwon', 'jiheon', 'day', 'sskaligus', 'buka', 'tanggal']","['union', 'rangkai', 'seru', 'flover', 'indonesia', 'birthday', 'event', 'happy', 'jiwon', 'jiheon', 'day', 'sskaligus', 'buka', 'tanggal']"
32,presiden ri joko widodo imbau pemudik berangkat lebih awal untuk hindari puncak arus mudik tanggal april karena hal ini,"['presiden', 'ri', 'joko', 'widodo', 'imbau', 'pemudik', 'berangkat', 'lebih', 'awal', 'untuk', 'hindari', 'puncak', 'arus', 'mudik', 'tanggal', 'april', 'karena', 'hal', 'ini']","['presiden', 'ri', 'joko', 'widodo', 'imbau', 'pemudik', 'berangkat', 'hindari', 'puncak', 'arus', 'mudik', 'tanggal', 'april']","['presiden', 'ri', 'joko', 'widodo', 'imbau', 'pemudik', 'berangkat', 'hindari', 'puncak', 'arus', 'mudik', 'tanggal', 'april']","['presiden', 'ri', 'joko', 'widodo', 'imbau', 'mudik', 'berangkat', 'hindar', 'puncak', 'arus', 'mudik', 'tanggal', 'april']"
33,hallo ka silahkan akses kembali ya byda,"['hallo', 'ka', 'silahkan', 'akses', 'kembali', 'ya', 'byda']","['hallo', 'ka', 'silahkan', 'akses', 'byda']","['hallo', 'ka', 'silahkan', 'akses', 'byda']","['hallo', 'ka', 'silah', 'akses', 'byda']"
34,rt semakin dekat dengan anda untuk memberikan layanan purna jual fingerspot hadir diberbagai lokasi jakarta bandung,"['rt', 'semakin', 'dekat', 'dengan', 'anda', 'untuk', 'memberikan', 'layanan', 'purna', 'jual', 'fingerspot', 'hadir', 'diberbagai', 'lokasi', 'jakarta', 'bandung']","['layanan', 'purna', 'jual', 'fingerspot', 'hadir', 'diberbagai', 'lokasi', 'jakarta', 'bandung']","['layanan', 'purna', 'jual', 'fingerspot', 'hadir', 'diberbagai', 'lokasi', 'jakarta', 'bandung']","['layan', 'purna', 'jual', 'fingerspot', 'hadir', 'bagai', 'lokasi', 'jakarta', 'bandung']"
35,jakarta nim aku,"['jakarta', 'nim', 'aku']","['jakarta', 'nim']","['jakarta', 'nim']","['jakarta', 'nim']"
36,rt aamiinsalam satu aspal mas dari driver jakarta,"['rt', 'aamiinsalam', 'satu', 'aspal', 'mas', 'dari', 'driver', 'jakarta']","['aamiinsalam', 'aspal', 'mas', 'driver', 'jakarta']","['aamiinsalam', 'aspal', 'mas', 'driver', 'jakarta']","['aamiinsalam', 'aspal', 'mas', 'driver', 'jakarta']"
37,rt breaking pssi barito persib dan david da silva resmi digugat di pengadilan negeri jakarta pusat atas dugaan sepak,"['rt', 'breaking', 'pssi', 'barito', 'persib', 'dan', 'david', 'da', 'silva', 'resmi', 'digugat', 'di', 'pengadilan', 'negeri', 'jakarta', 'pusat', 'atas', 'dugaan', 'sepak']","['breaking', 'pssi', 'barito', 'persib', 'david', 'da', 'silva', 'resmi', 'digugat', 'pengadilan', 'negeri', 'jakarta', 'pusat', 'dugaan', 'sepak']","['breaking', 'pssi', 'barito', 'persib', 'david', 'da', 'silva', 'resmi', 'digugat', 'pengadilan', 'negeri', 'jakarta', 'pusat', 'dugaan', 'sepak']","['breaking', 'pssi', 'barito', 'persib', 'david', 'da', 'silva', 'resmi', 'gugat', 'adil', 'negeri', 'jakarta', 'pusat', 'duga', 'sepak']"
38,hallo ka silahkan akses kembali byda,"['hallo', 'ka', 'silahkan', 'akses', 'kembali', 'byda']","['hallo', 'ka', 'silahkan', 'akses', 'byda']","['hallo', 'ka', 'silahkan', 'akses', 'byda']","['hallo', 'ka', 'silah', 'akses', 'byda']"
39,tahun an orang udah pakai bom atom senapan meriam tautau tahun nii diduga ingin lengserkan pemerintah dengan bukti golok jarak padang jakarta itu km lebih kira ini ya sesakti apa goloknya tuhhh,"['tahun', 'an', 'orang', 'udah', 'pakai', 'bom', 'atom', 'senapan', 'meriam', 'tautau', 'tahun', 'nii', 'diduga', 'ingin', 'lengserkan', 'pemerintah', 'dengan', 'bukti', 'golok', 'jarak', 'padang', 'jakarta', 'itu', 'km', 'lebih', 'kira', 'ini', 'ya', 'sesakti', 'apa', 'goloknya', 'tuhhh']","['an', 'orang', 'udah', 'pakai', 'bom', 'atom', 'senapan', 'meriam', 'tautau', 'nii', 'diduga', 'lengserkan', 'pemerintah', 'bukti', 'golok', 'jarak', 'padang', 'jakarta', 'km', 'sesakti', 'goloknya', 'tuhhh']","['an', 'orang', 'udah', 'pakai', 'bom', 'atom', 'senapan', 'meriam', 'tautau', 'nii', 'diduga', 'lengserkan', 'pemerintah', 'bukti', 'golok', 'jarak', 'padang', 'jakarta', 'km', 'sesakti', 'goloknya', 'tuhhh']","['an', 'orang', 'udah', 'pakai', 'bom', 'atom', 'senapan', 'meriam', 'tautau', 'nii', 'duga', 'lengser', 'perintah', 'bukti', 'golok', 'jarak', 'padang', 'jakarta', 'km', 'sakti', 'golok', 'tuhhh']"
40,rt tadi sore penyair taufiq ismail ke sekalian melihat kaset ceramah ayahanda beliau kh gaffar ismail kh,"['rt', 'tadi', 'sore', 'penyair', 'taufiq', 'ismail', 'ke', 'sekalian', 'melihat', 'kaset', 'ceramah', 'ayahanda', 'beliau', 'kh', 'gaffar', 'ismail', 'kh']","['sore', 'penyair', 'taufiq', 'ismail', 'kaset', 'ceramah', 'ayahanda', 'beliau', 'kh', 'gaffar', 'ismail', 'kh']","['sore', 'penyair', 'taufiq', 'ismail', 'kaset', 'ceramah', 'ayahanda', 'beliau', 'kh', 'gaffar', 'ismail', 'kh']","['sore', 'sair', 'taufiq', 'ismail', 'kaset', 'ceramah', 'ayahanda', 'beliau', 'kh', 'gaffar', 'ismail', 'kh']"
41,rt idha era anies baswedan layanan administrasi kependudukan di jakarta selesai dalam menit amazing ini mah,"['rt', 'idha', 'era', 'anies', 'baswedan', 'layanan', 'administrasi', 'kependudukan', 'di', 'jakarta', 'selesai', 'dalam', 'menit', 'amazing', 'ini', 'mah']","['idha', 'era', 'anies', 'baswedan', 'layanan', 'administrasi', 'kependudukan', 'jakarta', 'selesai', 'menit', 'amazing', 'mah']","['idha', 'era', 'anies', 'baswedan', 'layanan', 'administrasi', 'kependudukan', 'jakarta', 'selesai', 'menit', 'amazing', 'mah']","['idha', 'era', 'anies', 'baswedan', 'layan', 'administrasi', 'duduk', 'jakarta', 'selesai', 'menit', 'amazing', 'mah']"
42,rt terapi itu gk mnggunakan obatoles kapsul ya dearckup di cari urat saraf ke arah mr sajayuk yg minat lngsung wa,"['rt', 'terapi', 'itu', 'gk', 'mnggunakan', 'obatoles', 'kapsul', 'ya', 'dearckup', 'di', 'cari', 'urat', 'saraf', 'ke', 'arah', 'mr', 'sajayuk', 'yg', 'minat', 'lngsung', 'wa']","['terapi', 'gk', 'mnggunakan', 'obatoles', 'kapsul', 'dearckup', 'cari', 'urat', 'saraf', 'arah', 'mr', 'sajayuk', 'minat', 'lngsung', 'wa']","['terapi', 'gk', 'mnggunakan', 'obatoles', 'kapsul', 'dearckup', 'cari', 'urat', 'saraf', 'arah', 'mr', 'sajayuk', 'minat', 'lngsung', 'wa']","['terapi', 'gk', 'mnggunakan', 'obatoles', 'kapsul', 'dearckup', 'cari', 'urat', 'saraf', 'arah', 'mr', 'sajayuk', 'minat', 'lngsung', 'wa']"
43,rt available now untuk jakarta dan luar jawa jateng pemalang,"['rt', 'available', 'now', 'untuk', 'jakarta', 'dan', 'luar', 'jawa', 'jateng', 'pemalang']","['available', 'now', 'jakarta', 'jawa', 'jateng', 'pemalang']","['available', 'now', 'jakarta', 'jawa', 'jateng', 'pemalang']","['available', 'now', 'jakarta', 'jawa', 'jateng', 'malang']"
44,guys aku mau jual tas nih baru pake banget bentuknya kayak di bawah ini real picture nya nyusul yaaa kirim dr jakarta aku beli waktu itu harganya rb aku jual rb ongkir aku yg tanggung kalau nggak nego pembeli serius dm aja yak nanti lanjut wa,"['guys', 'aku', 'mau', 'jual', 'tas', 'nih', 'baru', 'pake', 'banget', 'bentuknya', 'kayak', 'di', 'bawah', 'ini', 'real', 'picture', 'nya', 'nyusul', 'yaaa', 'kirim', 'dr', 'jakarta', 'aku', 'beli', 'waktu', 'itu', 'harganya', 'rb', 'aku', 'jual', 'rb', 'ongkir', 'aku', 'yg', 'tanggung', 'kalau', 'nggak', 'nego', 'pembeli', 'serius', 'dm', 'aja', 'yak', 'nanti', 'lanjut', 'wa']","['guys', 'jual', 'tas', 'pake', 'banget', 'bentuknya', 'kayak', 'real', 'picture', 'nyusul', 'yaaa', 'kirim', 'dr', 'jakarta', 'beli', 'harganya', 'rb', 'jual', 'rb', 'ongkir', 'tanggung', 'nggak', 'nego', 'pembeli', 'serius', 'dm', 'yak', 'wa']","['guys', 'jual', 'tas', 'pake', 'banget', 'bentuknya', 'kayak', 'real', 'picture', 'nyusul', 'yaaa', 'kirim', 'dr', 'jakarta', 'beli', 'harganya', 'rb', 'jual', 'rb', 'ongkir', 'tanggung', 'nggak', 'nego', 'pembeli', 'serius', 'dm', 'yak', 'wa']","['guys', 'jual', 'tas', 'pake', 'banget', 'bentuk', 'kayak', 'real', 'picture', 'nyusul', 'yaaa', 'kirim', 'dr', 'jakarta', 'beli', 'harga', 'rb', 'jual', 'rb', 'ongkir', 'tanggung', 'nggak', 'nego', 'beli', 'serius', 'dm', 'yak', 'wa']"
45,hallo ka cantumkan nimnya dahulu yaa byda,"['hallo', 'ka', 'cantumkan', 'nimnya', 'dahulu', 'yaa', 'byda']","['hallo', 'ka', 'cantumkan', 'nimnya', 'yaa', 'byda']","['hallo', 'ka', 'cantumkan', 'nimnya', 'yaa', 'byda']","['hallo', 'ka', 'cantum', 'nimnya', 'yaa', 'byda']"
46,rt david da silva persib barito putera dan pssi resmi digugat ke pengadilan negeri jakarta pusat atas dugaan sepakbola,"['rt', 'david', 'da', 'silva', 'persib', 'barito', 'putera', 'dan', 'pssi', 'resmi', 'digugat', 'ke', 'pengadilan', 'negeri', 'jakarta', 'pusat', 'atas', 'dugaan', 'sepakbola']","['david', 'da', 'silva', 'persib', 'barito', 'putera', 'pssi', 'resmi', 'digugat', 'pengadilan', 'negeri', 'jakarta', 'pusat', 'dugaan', 'sepakbola']","['david', 'da', 'silva', 'persib', 'barito', 'putera', 'pssi', 'resmi', 'digugat', 'pengadilan', 'negeri', 'jakarta', 'pusat', 'dugaan', 'sepakbola']","['david', 'da', 'silva', 'persib', 'barito', 'putera', 'pssi', 'resmi', 'gugat', 'adil', 'negeri', 'jakarta', 'pusat', 'duga', 'sepakbola']"
47,rt terapi itu gk mnggunakan obatoles kapsul ya dearckup di cari urat saraf ke arah mr sajayuk yg minat lngsung wa,"['rt', 'terapi', 'itu', 'gk', 'mnggunakan', 'obatoles', 'kapsul', 'ya', 'dearckup', 'di', 'cari', 'urat', 'saraf', 'ke', 'arah', 'mr', 'sajayuk', 'yg', 'minat', 'lngsung', 'wa']","['terapi', 'gk', 'mnggunakan', 'obatoles', 'kapsul', 'dearckup', 'cari', 'urat', 'saraf', 'arah', 'mr', 'sajayuk', 'minat', 'lngsung', 'wa']","['terapi', 'gk', 'mnggunakan', 'obatoles', 'kapsul', 'dearckup', 'cari', 'urat', 'saraf', 'arah', 'mr', 'sajayuk', 'minat', 'lngsung', 'wa']","['terapi', 'gk', 'mnggunakan', 'obatoles', 'kapsul', 'dearckup', 'cari', 'urat', 'saraf', 'arah', 'mr', 'sajayuk', 'minat', 'lngsung', 'wa']"
48,wts voc goridegocar dom jakarta,"['wts', 'voc', 'goridegocar', 'dom', 'jakarta']","['wts', 'voc', 'goridegocar', 'dom', 'jakarta']","['wts', 'voc', 'goridegocar', 'dom', 'jakarta']","['wts', 'voc', 'goridegocar', 'dom', 'jakarta']"
49,ia juga meminta anies tidak malah membuat anggapan kerja sama dengan pemerintah pusat tidak berjalan dengan baik dalam membenahi problem di jakarta,"['ia', 'juga', 'meminta', 'anies', 'tidak', 'malah', 'membuat', 'anggapan', 'kerja', 'sama', 'dengan', 'pemerintah', 'pusat', 'tidak', 'berjalan', 'dengan', 'baik', 'dalam', 'membenahi', 'problem', 'di', 'jakarta']","['anies', 'anggapan', 'kerja', 'pemerintah', 'pusat', 'berjalan', 'membenahi', 'problem', 'jakarta']","['anies', 'anggapan', 'kerja', 'pemerintah', 'pusat', 'berjalan', 'membenahi', 'problem', 'jakarta']","['anies', 'anggap', 'kerja', 'perintah', 'pusat', 'jalan', 'benah', 'problem', 'jakarta']"
50,cari tanah kavling untuk bangun kebun buah dijamin nyaman hubungi di jual kavling dan tanah di kavling desa wisata kebun buah saung estetik dekat jakarta,"['cari', 'tanah', 'kavling', 'untuk', 'bangun', 'kebun', 'buah', 'dijamin', 'nyaman', 'hubungi', 'di', 'jual', 'kavling', 'dan', 'tanah', 'di', 'kavling', 'desa', 'wisata', 'kebun', 'buah', 'saung', 'estetik', 'dekat', 'jakarta']","['cari', 'tanah', 'kavling', 'bangun', 'kebun', 'buah', 'dijamin', 'nyaman', 'hubungi', 'jual', 'kavling', 'tanah', 'kavling', 'desa', 'wisata', 'kebun', 'buah', 'saung', 'estetik', 'jakarta']","['cari', 'tanah', 'kavling', 'bangun', 'kebun', 'buah', 'dijamin', 'nyaman', 'hubungi', 'jual', 'kavling', 'tanah', 'kavling', 'desa', 'wisata', 'kebun', 'buah', 'saung', 'estetik', 'jakarta']","['cari', 'tanah', 'kavling', 'bangun', 'kebun', 'buah', 'jamin', 'nyaman', 'hubung', 'jual', 'kavling', 'tanah', 'kavling', 'desa', 'wisata', 'kebun', 'buah', 'saung', 'estetik', 'jakarta']"
51,indonesia akan memindahkan ikn dari jakarta ke penajam paser utara kalimantan timur nusantara,"['indonesia', 'akan', 'memindahkan', 'ikn', 'dari', 'jakarta', 'ke', 'penajam', 'paser', 'utara', 'kalimantan', 'timur', 'nusantara']","['indonesia', 'memindahkan', 'ikn', 'jakarta', 'penajam', 'paser', 'utara', 'kalimantan', 'timur', 'nusantara']","['indonesia', 'memindahkan', 'ikn', 'jakarta', 'penajam', 'paser', 'utara', 'kalimantan', 'timur', 'nusantara']","['indonesia', 'pindah', 'ikn', 'jakarta', 'najam', 'paser', 'utara', 'kalimantan', 'timur', 'nusantara']"
52,wts kolbuk preloved dom jakarta bisa video condi bisa cek di reply yaaa boleh dm aja kalau ada yg mau ditanyain,"['wts', 'kolbuk', 'preloved', 'dom', 'jakarta', 'bisa', 'video', 'condi', 'bisa', 'cek', 'di', 'reply', 'yaaa', 'boleh', 'dm', 'aja', 'kalau', 'ada', 'yg', 'mau', 'ditanyain']","['wts', 'kolbuk', 'preloved', 'dom', 'jakarta', 'video', 'condi', 'cek', 'reply', 'yaaa', 'dm', 'ditanyain']","['wts', 'kolbuk', 'preloved', 'dom', 'jakarta', 'video', 'condi', 'cek', 'reply', 'yaaa', 'dm', 'ditanyain']","['wts', 'kolbuk', 'preloved', 'dom', 'jakarta', 'video', 'condi', 'cek', 'reply', 'yaaa', 'dm', 'ditanyain']"
53,puskesmas kecamatan kalideres menyiapkan gerai vaksinasi covid di terminal bus antar kota antar provinsi akap kalideres jakarta barat,"['puskesmas', 'kecamatan', 'kalideres', 'menyiapkan', 'gerai', 'vaksinasi', 'covid', 'di', 'terminal', 'bus', 'antar', 'kota', 'antar', 'provinsi', 'akap', 'kalideres', 'jakarta', 'barat']","['puskesmas', 'kecamatan', 'kalideres', 'gerai', 'vaksinasi', 'covid', 'terminal', 'bus', 'kota', 'provinsi', 'akap', 'kalideres', 'jakarta', 'barat']","['puskesmas', 'kecamatan', 'kalideres', 'gerai', 'vaksinasi', 'covid', 'terminal', 'bus', 'kota', 'provinsi', 'akap', 'kalideres', 'jakarta', 'barat']","['puskesmas', 'camat', 'kalideres', 'gerai', 'vaksinasi', 'covid', 'terminal', 'bus', 'kota', 'provinsi', 'akap', 'kalideres', 'jakarta', 'barat']"
54,rt menteri badan usaha milik negara erick thohir menjadi salah satu pembicara seminar masyaraka,"['rt', 'menteri', 'badan', 'usaha', 'milik', 'negara', 'erick', 'thohir', 'menjadi', 'salah', 'satu', 'pembicara', 'seminar', 'masyaraka']","['menteri', 'badan', 'usaha', 'milik', 'negara', 'erick', 'thohir', 'salah', 'pembicara', 'seminar', 'masyaraka']","['menteri', 'badan', 'usaha', 'milik', 'negara', 'erick', 'thohir', 'salah', 'pembicara', 'seminar', 'masyaraka']","['menteri', 'badan', 'usaha', 'milik', 'negara', 'erick', 'thohir', 'salah', 'bicara', 'seminar', 'masyaraka']"
55,sama dong kak eng aku dr dia disolo duh jgn sampe jakarta gubernurnya katro eh malah sampe jd presiden,"['sama', 'dong', 'kak', 'eng', 'aku', 'dr', 'dia', 'disolo', 'duh', 'jgn', 'sampe', 'jakarta', 'gubernurnya', 'katro', 'eh', 'malah', 'sampe', 'jd', 'presiden']","['kak', 'eng', 'dr', 'disolo', 'duh', 'sampe', 'jakarta', 'gubernurnya', 'katro', 'eh', 'sampe', 'presiden']","['kak', 'eng', 'dr', 'disolo', 'duh', 'sampai', 'jakarta', 'gubernurnya', 'katro', 'eh', 'sampai', 'presiden']","['kak', 'eng', 'dr', 'solo', 'duh', 'sampai', 'jakarta', 'gubernur', 'katro', 'eh', 'sampai', 'presiden']"
56,rt march jakarta indonesia tickets info,"['rt', 'march', 'jakarta', 'indonesia', 'tickets', 'info']","['march', 'jakarta', 'indonesia', 'tickets', 'info']","['march', 'jakarta', 'indonesia', 'tickets', 'info']","['march', 'jakarta', 'indonesia', 'tickets', 'info']"
57,rt id ketua kpu ri hasyim asyari bersama anggota kpu ri afifuddin menghadiri peringatan hari lahir organisasi perg,"['rt', 'id', 'ketua', 'kpu', 'ri', 'hasyim', 'asyari', 'bersama', 'anggota', 'kpu', 'ri', 'afifuddin', 'menghadiri', 'peringatan', 'hari', 'lahir', 'organisasi', 'perg']","['id', 'ketua', 'kpu', 'ri', 'hasyim', 'asyari', 'anggota', 'kpu', 'ri', 'afifuddin', 'menghadiri', 'peringatan', 'lahir', 'organisasi', 'perg']","['id', 'ketua', 'kpu', 'ri', 'hasyim', 'asyari', 'anggota', 'kpu', 'ri', 'afifuddin', 'menghadiri', 'peringatan', 'lahir', 'organisasi', 'perg']","['id', 'ketua', 'kpu', 'ri', 'hasyim', 'asyari', 'anggota', 'kpu', 'ri', 'afifuddin', 'hadir', 'ingat', 'lahir', 'organisasi', 'perg']"
58,pelaku usaha kerupuk kaleng eceran di jakarta akan menaikan harga yang semula rp menjadi rp per buah,"['pelaku', 'usaha', 'kerupuk', 'kaleng', 'eceran', 'di', 'jakarta', 'akan', 'menaikan', 'harga', 'yang', 'semula', 'rp', 'menjadi', 'rp', 'per', 'buah']","['pelaku', 'usaha', 'kerupuk', 'kaleng', 'eceran', 'jakarta', 'menaikan', 'harga', 'rp', 'rp', 'buah']","['pelaku', 'usaha', 'kerupuk', 'kaleng', 'eceran', 'jakarta', 'menaikan', 'harga', 'rp', 'rp', 'buah']","['laku', 'usaha', 'kerupuk', 'kaleng', 'ecer', 'jakarta', 'naik', 'harga', 'rp', 'rp', 'buah']"
59,wts want to sell ggu ggu package enhypen dom jakarta,"['wts', 'want', 'to', 'sell', 'ggu', 'ggu', 'package', 'enhypen', 'dom', 'jakarta']","['wts', 'want', 'to', 'sell', 'ggu', 'ggu', 'package', 'enhypen', 'dom', 'jakarta']","['wts', 'want', 'to', 'sell', 'ggu', 'ggu', 'package', 'enhypen', 'dom', 'jakarta']","['wts', 'want', 'to', 'sell', 'ggu', 'ggu', 'package', 'enhypen', 'dom', 'jakarta']"
60,cari tanah kavling untuk bangun kebun buah bu dijual cepat hubungin harga kavling tanah di bogor di kavling desa wisata kebun buah saung estetik dekat jakarta,"['cari', 'tanah', 'kavling', 'untuk', 'bangun', 'kebun', 'buah', 'bu', 'dijual', 'cepat', 'hubungin', 'harga', 'kavling', 'tanah', 'di', 'bogor', 'di', 'kavling', 'desa', 'wisata', 'kebun', 'buah', 'saung', 'estetik', 'dekat', 'jakarta']","['cari', 'tanah', 'kavling', 'bangun', 'kebun', 'buah', 'bu', 'dijual', 'cepat', 'hubungin', 'harga', 'kavling', 'tanah', 'bogor', 'kavling', 'desa', 'wisata', 'kebun', 'buah', 'saung', 'estetik', 'jakarta']","['cari', 'tanah', 'kavling', 'bangun', 'kebun', 'buah', 'bu', 'dijual', 'cepat', 'hubungin', 'harga', 'kavling', 'tanah', 'bogor', 'kavling', 'desa', 'wisata', 'kebun', 'buah', 'saung', 'estetik', 'jakarta']","['cari', 'tanah', 'kavling', 'bangun', 'kebun', 'buah', 'bu', 'jual', 'cepat', 'hubungin', 'harga', 'kavling', 'tanah', 'bogor', 'kavling', 'desa', 'wisata', 'kebun', 'buah', 'saung', 'estetik', 'jakarta']"
61,rt goodbener mengajak kita semua warga dki jakarta untuk menggapai keberkahan allah dengan serentak membaca alq,"['rt', 'goodbener', 'mengajak', 'kita', 'semua', 'warga', 'dki', 'jakarta', 'untuk', 'menggapai', 'keberkahan', 'allah', 'dengan', 'serentak', 'membaca', 'alq']","['goodbener', 'mengajak', 'warga', 'dki', 'jakarta', 'menggapai', 'keberkahan', 'allah', 'serentak', 'membaca', 'alq']","['goodbener', 'mengajak', 'warga', 'dki', 'jakarta', 'menggapai', 'keberkahan', 'allah', 'serentak', 'membaca', 'alq']","['goodbener', 'ajak', 'warga', 'dki', 'jakarta', 'gapai', 'berkah', 'allah', 'serentak', 'baca', 'alq']"
62,gabener seenak jidat gak punya tggjwb udh gitu mo nyapres pula sebelumnya pras mengatakan sudah seharusnya gubernur dki jakarta anies baswedan menjelaskan kesiapan perhelatan formula kepada publik,"['gabener', 'seenak', 'jidat', 'gak', 'punya', 'tggjwb', 'udh', 'gitu', 'mo', 'nyapres', 'pula', 'sebelumnya', 'pras', 'mengatakan', 'sudah', 'seharusnya', 'gubernur', 'dki', 'jakarta', 'anies', 'baswedan', 'menjelaskan', 'kesiapan', 'perhelatan', 'formula', 'kepada', 'publik']","['gabener', 'seenak', 'jidat', 'tggjwb', 'udh', 'gitu', 'mo', 'nyapres', 'pras', 'gubernur', 'dki', 'jakarta', 'anies', 'baswedan', 'kesiapan', 'perhelatan', 'formula', 'publik']","['gabener', 'seenak', 'jidat', 'tggjwb', 'udh', 'gitu', 'mo', 'nyapres', 'pras', 'gubernur', 'dki', 'jakarta', 'anies', 'baswedan', 'kesiapan', 'perhelatan', 'formula', 'publik']","['gabener', 'enak', 'jidat', 'tggjwb', 'udh', 'gitu', 'mo', 'nyapres', 'pras', 'gubernur', 'dki', 'jakarta', 'anies', 'baswedan', 'kesiap', 'helat', 'formula', 'publik']"
63,kuy ciao nctzen mau jin nct wayv yg trusted rate rendah amp admin ramah disini tempatnyaa rate cuma amp jakarta timur member aktif can personal order amp many testi link di rep,"['kuy', 'ciao', 'nctzen', 'mau', 'jin', 'nct', 'wayv', 'yg', 'trusted', 'rate', 'rendah', 'amp', 'admin', 'ramah', 'disini', 'tempatnyaa', 'rate', 'cuma', 'amp', 'jakarta', 'timur', 'member', 'aktif', 'can', 'personal', 'order', 'amp', 'many', 'testi', 'link', 'di', 'rep']","['kuy', 'ciao', 'nctzen', 'jin', 'nct', 'wayv', 'trusted', 'rate', 'rendah', 'admin', 'ramah', 'tempatnyaa', 'rate', 'jakarta', 'timur', 'member', 'aktif', 'can', 'personal', 'order', 'many', 'testi', 'link', 'rep']","['kuy', 'ciao', 'nctzen', 'jin', 'nct', 'wayv', 'trusted', 'rate', 'rendah', 'admin', 'ramah', 'tempatnyaa', 'rate', 'jakarta', 'timur', 'member', 'aktif', 'can', 'personal', 'order', 'many', 'testi', 'link', 'rep']","['kuy', 'ciao', 'nctzen', 'jin', 'nct', 'wayv', 'trusted', 'rate', 'rendah', 'admin', 'ramah', 'tempatnyaa', 'rate', 'jakarta', 'timur', 'member', 'aktif', 'can', 'personal', 'order', 'many', 'testi', 'link', 'rep']"
64,rt id ketua kpu ri hasyim asyari bersama anggota kpu ri afifuddin menghadiri peringatan hari lahir organisasi perg,"['rt', 'id', 'ketua', 'kpu', 'ri', 'hasyim', 'asyari', 'bersama', 'anggota', 'kpu', 'ri', 'afifuddin', 'menghadiri', 'peringatan', 'hari', 'lahir', 'organisasi', 'perg']","['id', 'ketua', 'kpu', 'ri', 'hasyim', 'asyari', 'anggota', 'kpu', 'ri', 'afifuddin', 'menghadiri', 'peringatan', 'lahir', 'organisasi', 'perg']","['id', 'ketua', 'kpu', 'ri', 'hasyim', 'asyari', 'anggota', 'kpu', 'ri', 'afifuddin', 'menghadiri', 'peringatan', 'lahir', 'organisasi', 'perg']","['id', 'ketua', 'kpu', 'ri', 'hasyim', 'asyari', 'anggota', 'kpu', 'ri', 'afifuddin', 'hadir', 'ingat', 'lahir', 'organisasi', 'perg']"
65,warsono dia sdg berupaya mengalihkan kesalahannya sbg gub dki ke pemerintah pusat gub dungu program normalisasi sungai adalah solusi utama mengatasi banjir jakarta namun dia tolak selama ini skrg saat mau lengser dr jabatan dia bertindak seolah pusat yg salah,"['warsono', 'dia', 'sdg', 'berupaya', 'mengalihkan', 'kesalahannya', 'sbg', 'gub', 'dki', 'ke', 'pemerintah', 'pusat', 'gub', 'dungu', 'program', 'normalisasi', 'sungai', 'adalah', 'solusi', 'utama', 'mengatasi', 'banjir', 'jakarta', 'namun', 'dia', 'tolak', 'selama', 'ini', 'skrg', 'saat', 'mau', 'lengser', 'dr', 'jabatan', 'dia', 'bertindak', 'seolah', 'pusat', 'yg', 'salah']","['warsono', 'sdg', 'berupaya', 'mengalihkan', 'kesalahannya', 'sbg', 'gub', 'dki', 'pemerintah', 'pusat', 'gub', 'dungu', 'program', 'normalisasi', 'sungai', 'solusi', 'utama', 'mengatasi', 'banjir', 'jakarta', 'tolak', 'skrg', 'lengser', 'dr', 'jabatan', 'bertindak', 'pusat', 'salah']","['warsono', 'sdg', 'berupaya', 'mengalihkan', 'kesalahannya', 'sbg', 'gub', 'dki', 'pemerintah', 'pusat', 'gub', 'dungu', 'program', 'normalisasi', 'sungai', 'solusi', 'utama', 'mengatasi', 'banjir', 'jakarta', 'tolak', 'skrg', 'lengser', 'dr', 'jabatan', 'bertindak', 'pusat', 'salah']","['warsono', 'sdg', 'upaya', 'alih', 'salah', 'sbg', 'gub', 'dki', 'perintah', 'pusat', 'gub', 'dungu', 'program', 'normalisasi', 'sungai', 'solusi', 'utama', 'atas', 'banjir', 'jakarta', 'tolak', 'skrg', 'lengser', 'dr', 'jabat', 'tindak', 'pusat', 'salah']"
66,rt investigasi terbaru setelah enam bulan melakukan investigasi kami mempublikasikan tulisan ini saya menginvestigasi ribuan,"['rt', 'investigasi', 'terbaru', 'setelah', 'enam', 'bulan', 'melakukan', 'investigasi', 'kami', 'mempublikasikan', 'tulisan', 'ini', 'saya', 'menginvestigasi', 'ribuan']","['investigasi', 'terbaru', 'enam', 'investigasi', 'mempublikasikan', 'tulisan', 'menginvestigasi', 'ribuan']","['investigasi', 'terbaru', 'enam', 'investigasi', 'mempublikasikan', 'tulisan', 'menginvestigasi', 'ribuan']","['investigasi', 'baru', 'enam', 'investigasi', 'publikasi', 'tulis', 'investigasi', 'ribu']"
67,rt halona pegal lesu butuh pijat traditional plus bo dan berada di kota tendean now ready now start hubu,"['rt', 'halona', 'pegal', 'lesu', 'butuh', 'pijat', 'traditional', 'plus', 'bo', 'dan', 'berada', 'di', 'kota', 'tendean', 'now', 'ready', 'now', 'start', 'hubu']","['halona', 'pegal', 'lesu', 'butuh', 'pijat', 'traditional', 'plus', 'bo', 'kota', 'tendean', 'now', 'ready', 'now', 'start', 'hubu']","['halona', 'pegal', 'lesu', 'butuh', 'pijat', 'traditional', 'plus', 'bo', 'kota', 'tendean', 'now', 'ready', 'now', 'start', 'hubu']","['halona', 'pegal', 'lesu', 'butuh', 'pijat', 'traditional', 'plus', 'bo', 'kota', 'tendean', 'now', 'ready', 'now', 'start', 'hubu']"
68,yuk persiapkan usaha sobat umkm dan asosiasi untuk ikut serta dalam temu bisnis pengadaan barangjasa pemerintah catat waktu dan tempatnya ya tanggal april lokasi balai sidang jakarta convention center,"['yuk', 'persiapkan', 'usaha', 'sobat', 'umkm', 'dan', 'asosiasi', 'untuk', 'ikut', 'serta', 'dalam', 'temu', 'bisnis', 'pengadaan', 'barangjasa', 'pemerintah', 'catat', 'waktu', 'dan', 'tempatnya', 'ya', 'tanggal', 'april', 'lokasi', 'balai', 'sidang', 'jakarta', 'convention', 'center']","['yuk', 'persiapkan', 'usaha', 'sobat', 'umkm', 'asosiasi', 'temu', 'bisnis', 'pengadaan', 'barangjasa', 'pemerintah', 'catat', 'tempatnya', 'tanggal', 'april', 'lokasi', 'balai', 'sidang', 'jakarta', 'convention', 'center']","['yuk', 'persiapkan', 'usaha', 'sobat', 'umkm', 'asosiasi', 'temu', 'bisnis', 'pengadaan', 'barangjasa', 'pemerintah', 'catat', 'tempatnya', 'tanggal', 'april', 'lokasi', 'balai', 'sidang', 'jakarta', 'convention', 'center']","['yuk', 'siap', 'usaha', 'sobat', 'umkm', 'asosiasi', 'temu', 'bisnis', 'ada', 'barangjasa', 'perintah', 'catat', 'tempat', 'tanggal', 'april', 'lokasi', 'balai', 'sidang', 'jakarta', 'convention', 'center']"
69,pemerintah pusat melalui pt sarana multi infrastruktur persero telah mencairkan dana pen kepada dki jakarta sebesar rp triliun pada lalu dana sebanyak rp triliun dialokasikan untuk penanggulangan banjir yang dikerjakan selama tiga tahun dari,"['pemerintah', 'pusat', 'melalui', 'pt', 'sarana', 'multi', 'infrastruktur', 'persero', 'telah', 'mencairkan', 'dana', 'pen', 'kepada', 'dki', 'jakarta', 'sebesar', 'rp', 'triliun', 'pada', 'lalu', 'dana', 'sebanyak', 'rp', 'triliun', 'dialokasikan', 'untuk', 'penanggulangan', 'banjir', 'yang', 'dikerjakan', 'selama', 'tiga', 'tahun', 'dari']","['pemerintah', 'pusat', 'pt', 'sarana', 'multi', 'infrastruktur', 'persero', 'mencairkan', 'dana', 'dki', 'jakarta', 'rp', 'triliun', 'dana', 'rp', 'triliun', 'dialokasikan', 'penanggulangan', 'banjir']","['pemerintah', 'pusat', 'pt', 'sarana', 'multi', 'infrastruktur', 'persero', 'mencairkan', 'dana', 'dki', 'jakarta', 'rp', 'triliun', 'dana', 'rp', 'triliun', 'dialokasikan', 'penanggulangan', 'banjir']","['perintah', 'pusat', 'pt', 'sarana', 'multi', 'infrastruktur', 'persero', 'cair', 'dana', 'dki', 'jakarta', 'rp', 'triliun', 'dana', 'rp', 'triliun', 'alokasi', 'tanggulang', 'banjir']"
70,rt hingga saat ini program ramadhan berbagi front persaudaraan islam fpi telah mendistribusikan box lebih nasi kebuli mand,"['rt', 'hingga', 'saat', 'ini', 'program', 'ramadhan', 'berbagi', 'front', 'persaudaraan', 'islam', 'fpi', 'telah', 'mendistribusikan', 'box', 'lebih', 'nasi', 'kebuli', 'mand']","['program', 'ramadhan', 'berbagi', 'front', 'persaudaraan', 'islam', 'fpi', 'mendistribusikan', 'box', 'nasi', 'kebuli', 'mand']","['program', 'ramadhan', 'berbagi', 'front', 'persaudaraan', 'islam', 'fpi', 'mendistribusikan', 'box', 'nasi', 'kebuli', 'mand']","['program', 'ramadhan', 'bagi', 'front', 'saudara', 'islam', 'fpi', 'distribusi', 'box', 'nasi', 'kebuli', 'mand']"
71,rt band metal slipknot mengumumkan akan tampil di acara musik hammersonic yang akan diselenggarakan di jakarta,"['rt', 'band', 'metal', 'slipknot', 'mengumumkan', 'akan', 'tampil', 'di', 'acara', 'musik', 'hammersonic', 'yang', 'akan', 'diselenggarakan', 'di', 'jakarta']","['band', 'metal', 'slipknot', 'mengumumkan', 'tampil', 'acara', 'musik', 'hammersonic', 'diselenggarakan', 'jakarta']","['band', 'metal', 'slipknot', 'mengumumkan', 'tampil', 'acara', 'musik', 'hammersonic', 'diselenggarakan', 'jakarta']","['band', 'metal', 'slipknot', 'umum', 'tampil', 'acara', 'musik', 'hammersonic', 'selenggara', 'jakarta']"
72,rt halonaa pegal lesu butuh pijat traditional plus bo dan berada di kota tendean now ready now start hub,"['rt', 'halonaa', 'pegal', 'lesu', 'butuh', 'pijat', 'traditional', 'plus', 'bo', 'dan', 'berada', 'di', 'kota', 'tendean', 'now', 'ready', 'now', 'start', 'hub']","['halonaa', 'pegal', 'lesu', 'butuh', 'pijat', 'traditional', 'plus', 'bo', 'kota', 'tendean', 'now', 'ready', 'now', 'start', 'hub']","['halonaa', 'pegal', 'lesu', 'butuh', 'pijat', 'traditional', 'plus', 'bo', 'kota', 'tendean', 'now', 'ready', 'now', 'start', 'hub']","['halonaa', 'pegal', 'lesu', 'butuh', 'pijat', 'traditional', 'plus', 'bo', 'kota', 'tendean', 'now', 'ready', 'now', 'start', 'hub']"
73,rt march jakarta indonesia tickets info,"['rt', 'march', 'jakarta', 'indonesia', 'tickets', 'info']","['march', 'jakarta', 'indonesia', 'tickets', 'info']","['march', 'jakarta', 'indonesia', 'tickets', 'info']","['march', 'jakarta', 'indonesia', 'tickets', 'info']"
74,nts ciao nctzen mau jin nct wayv yg trusted rate rendah amp admin ramah disini tempatnyaa rate cuma amp jakarta timur member aktif can personal order amp many testi link di rep,"['nts', 'ciao', 'nctzen', 'mau', 'jin', 'nct', 'wayv', 'yg', 'trusted', 'rate', 'rendah', 'amp', 'admin', 'ramah', 'disini', 'tempatnyaa', 'rate', 'cuma', 'amp', 'jakarta', 'timur', 'member', 'aktif', 'can', 'personal', 'order', 'amp', 'many', 'testi', 'link', 'di', 'rep']","['nts', 'ciao', 'nctzen', 'jin', 'nct', 'wayv', 'trusted', 'rate', 'rendah', 'admin', 'ramah', 'tempatnyaa', 'rate', 'jakarta', 'timur', 'member', 'aktif', 'can', 'personal', 'order', 'many', 'testi', 'link', 'rep']","['nts', 'ciao', 'nctzen', 'jin', 'nct', 'wayv', 'trusted', 'rate', 'rendah', 'admin', 'ramah', 'tempatnyaa', 'rate', 'jakarta', 'timur', 'member', 'aktif', 'can', 'personal', 'order', 'many', 'testi', 'link', 'rep']","['nts', 'ciao', 'nctzen', 'jin', 'nct', 'wayv', 'trusted', 'rate', 'rendah', 'admin', 'ramah', 'tempatnyaa', 'rate', 'jakarta', 'timur', 'member', 'aktif', 'can', 'personal', 'order', 'many', 'testi', 'link', 'rep']"
75,saya tidak ingin pelayanan rumah sakit untuk prajurit tidak maksimal jangan biarkan prajurit merasa sendirian kata pak moel saat bertemu asosiasi rumah sakit kemhan tnipolri di gedung bina graha jakarta moeldoko,"['saya', 'tidak', 'ingin', 'pelayanan', 'rumah', 'sakit', 'untuk', 'prajurit', 'tidak', 'maksimal', 'jangan', 'biarkan', 'prajurit', 'merasa', 'sendirian', 'kata', 'pak', 'moel', 'saat', 'bertemu', 'asosiasi', 'rumah', 'sakit', 'kemhan', 'tnipolri', 'di', 'gedung', 'bina', 'graha', 'jakarta', 'moeldoko']","['pelayanan', 'rumah', 'sakit', 'prajurit', 'maksimal', 'biarkan', 'prajurit', 'moel', 'bertemu', 'asosiasi', 'rumah', 'sakit', 'kemhan', 'tnipolri', 'gedung', 'bina', 'graha', 'jakarta', 'moeldoko']","['pelayanan', 'rumah', 'sakit', 'prajurit', 'maksimal', 'biarkan', 'prajurit', 'moel', 'bertemu', 'asosiasi', 'rumah', 'sakit', 'kemhan', 'tnipolri', 'gedung', 'bina', 'graha', 'jakarta', 'moeldoko']","['layan', 'rumah', 'sakit', 'prajurit', 'maksimal', 'biar', 'prajurit', 'moel', 'temu', 'asosiasi', 'rumah', 'sakit', 'kemhan', 'tnipolri', 'gedung', 'bina', 'graha', 'jakarta', 'moeldoko']"
76,rt lestari itu hanya berjarak hari dari edy prasetyo berungkap tanya ternyata gubernur telah bertemu dengan perwakilan tujuh,"['rt', 'lestari', 'itu', 'hanya', 'berjarak', 'hari', 'dari', 'edy', 'prasetyo', 'berungkap', 'tanya', 'ternyata', 'gubernur', 'telah', 'bertemu', 'dengan', 'perwakilan', 'tujuh']","['lestari', 'berjarak', 'edy', 'prasetyo', 'berungkap', 'gubernur', 'bertemu', 'perwakilan', 'tujuh']","['lestari', 'berjarak', 'edy', 'prasetyo', 'berungkap', 'gubernur', 'bertemu', 'perwakilan', 'tujuh']","['lestari', 'jarak', 'edy', 'prasetyo', 'ungkap', 'gubernur', 'temu', 'wakil', 'tujuh']"
77,lowongan jaga cafe di di jakarta utara,"['lowongan', 'jaga', 'cafe', 'di', 'di', 'jakarta', 'utara']","['lowongan', 'jaga', 'cafe', 'jakarta', 'utara']","['lowongan', 'jaga', 'cafe', 'jakarta', 'utara']","['lowong', 'jaga', 'cafe', 'jakarta', 'utara']"
78,cari tanah kavling untuk bangun kebun buah dijual cepat hubungi di jual kavling tanah di kavling desa wisata kebun buah saung estetik dekat jakarta,"['cari', 'tanah', 'kavling', 'untuk', 'bangun', 'kebun', 'buah', 'dijual', 'cepat', 'hubungi', 'di', 'jual', 'kavling', 'tanah', 'di', 'kavling', 'desa', 'wisata', 'kebun', 'buah', 'saung', 'estetik', 'dekat', 'jakarta']","['cari', 'tanah', 'kavling', 'bangun', 'kebun', 'buah', 'dijual', 'cepat', 'hubungi', 'jual', 'kavling', 'tanah', 'kavling', 'desa', 'wisata', 'kebun', 'buah', 'saung', 'estetik', 'jakarta']","['cari', 'tanah', 'kavling', 'bangun', 'kebun', 'buah', 'dijual', 'cepat', 'hubungi', 'jual', 'kavling', 'tanah', 'kavling', 'desa', 'wisata', 'kebun', 'buah', 'saung', 'estetik', 'jakarta']","['cari', 'tanah', 'kavling', 'bangun', 'kebun', 'buah', 'jual', 'cepat', 'hubung', 'jual', 'kavling', 'tanah', 'kavling', 'desa', 'wisata', 'kebun', 'buah', 'saung', 'estetik', 'jakarta']"
79,rt terjadi kebakaran pd apartemen palazo pkl di jl apron kel kebon kosong kec kemayoran titik kenal polsek kemay,"['rt', 'terjadi', 'kebakaran', 'pd', 'apartemen', 'palazo', 'pkl', 'di', 'jl', 'apron', 'kel', 'kebon', 'kosong', 'kec', 'kemayoran', 'titik', 'kenal', 'polsek', 'kemay']","['kebakaran', 'pd', 'apartemen', 'palazo', 'pkl', 'jl', 'apron', 'kel', 'kebon', 'kosong', 'kec', 'kemayoran', 'titik', 'kenal', 'polsek', 'kemay']","['kebakaran', 'pd', 'apartemen', 'palazo', 'pkl', 'jalan', 'apron', 'kel', 'kebon', 'kosong', 'kec', 'kemayoran', 'titik', 'kenal', 'polsek', 'kemay']","['bakar', 'pd', 'apartemen', 'palazo', 'pkl', 'jalan', 'apron', 'kel', 'kebon', 'kosong', 'kec', 'mayor', 'titik', 'kenal', 'polsek', 'kemay']"
80,rt teroris sumbar bersenjatakan golok sudah memasuki jakarta mau gulingkan kekuasaan jokowi drama anak negeri kian luc,"['rt', 'teroris', 'sumbar', 'bersenjatakan', 'golok', 'sudah', 'memasuki', 'jakarta', 'mau', 'gulingkan', 'kekuasaan', 'jokowi', 'drama', 'anak', 'negeri', 'kian', 'luc']","['teroris', 'sumbar', 'bersenjatakan', 'golok', 'memasuki', 'jakarta', 'gulingkan', 'kekuasaan', 'jokowi', 'drama', 'anak', 'negeri', 'kian', 'luc']","['teroris', 'sumbar', 'bersenjatakan', 'golok', 'memasuki', 'jakarta', 'gulingkan', 'kekuasaan', 'jokowi', 'drama', 'anak', 'negeri', 'kian', 'luc']","['teroris', 'sumbar', 'senjata', 'golok', 'pasuk', 'jakarta', 'guling', 'kuasa', 'jokowi', 'drama', 'anak', 'negeri', 'kian', 'luc']"
81,rt menjelang natal di jkt slm tiga hari membuat pagelaran christmas carol di bulan ramadhan pesan gubernur dki jakarta,"['rt', 'menjelang', 'natal', 'di', 'jkt', 'slm', 'tiga', 'hari', 'membuat', 'pagelaran', 'christmas', 'carol', 'di', 'bulan', 'ramadhan', 'pesan', 'gubernur', 'dki', 'jakarta']","['menjelang', 'natal', 'jkt', 'slm', 'pagelaran', 'christmas', 'carol', 'ramadhan', 'pesan', 'gubernur', 'dki', 'jakarta']","['menjelang', 'natal', 'jakarta', 'slm', 'pagelaran', 'christmas', 'carol', 'ramadhan', 'pesan', 'gubernur', 'dki', 'jakarta']","['jelang', 'natal', 'jakarta', 'slm', 'pagelaran', 'christmas', 'carol', 'ramadhan', 'pesan', 'gubernur', 'dki', 'jakarta']"
82,rt alhamdulillah ayooo warga jakarta kita ramaikan,"['rt', 'alhamdulillah', 'ayooo', 'warga', 'jakarta', 'kita', 'ramaikan']","['alhamdulillah', 'ayooo', 'warga', 'jakarta', 'ramaikan']","['alhamdulillah', 'ayooo', 'warga', 'jakarta', 'ramaikan']","['alhamdulillah', 'ayooo', 'warga', 'jakarta', 'ramai']"
83,rt nails want to sellwts jual rugi seventeens movie power of love tiket baris bagian tengah di cgv pacific pla,"['rt', 'nails', 'want', 'to', 'sellwts', 'jual', 'rugi', 'seventeens', 'movie', 'power', 'of', 'love', 'tiket', 'baris', 'bagian', 'tengah', 'di', 'cgv', 'pacific', 'pla']","['nails', 'want', 'to', 'sellwts', 'jual', 'rugi', 'seventeens', 'movie', 'power', 'of', 'love', 'tiket', 'baris', 'cgv', 'pacific', 'pla']","['nails', 'want', 'to', 'sellwts', 'jual', 'rugi', 'seventeens', 'movie', 'power', 'of', 'love', 'tiket', 'baris', 'cgv', 'pacific', 'pla']","['nails', 'want', 'to', 'sellwts', 'jual', 'rugi', 'seventeens', 'movie', 'power', 'of', 'love', 'tiket', 'baris', 'cgv', 'pacific', 'pla']"
84,rt org orang jakarta mungkin tidak tahu bahwa kota ini sedang mengalami kehilangan besar jakarta kehilangan rasdullah pemimpin,"['rt', 'org', 'orang', 'jakarta', 'mungkin', 'tidak', 'tahu', 'bahwa', 'kota', 'ini', 'sedang', 'mengalami', 'kehilangan', 'besar', 'jakarta', 'kehilangan', 'rasdullah', 'pemimpin']","['org', 'orang', 'jakarta', 'kota', 'mengalami', 'kehilangan', 'jakarta', 'kehilangan', 'rasdullah', 'pemimpin']","['orang', 'orang', 'jakarta', 'kota', 'mengalami', 'kehilangan', 'jakarta', 'kehilangan', 'rasdullah', 'pemimpin']","['orang', 'orang', 'jakarta', 'kota', 'alami', 'hilang', 'jakarta', 'hilang', 'rasdullah', 'pimpin']"
85,selalu mengerjakan program yang nyeleneh dan tidak tepat sasaran alhasil menjelang jabatan sebagai gubernur jakarta akan berakhir pak anies malah kelabakan seperti ini kata anggota komisi dprd dki jakarta itu,"['selalu', 'mengerjakan', 'program', 'yang', 'nyeleneh', 'dan', 'tidak', 'tepat', 'sasaran', 'alhasil', 'menjelang', 'jabatan', 'sebagai', 'gubernur', 'jakarta', 'akan', 'berakhir', 'pak', 'anies', 'malah', 'kelabakan', 'seperti', 'ini', 'kata', 'anggota', 'komisi', 'dprd', 'dki', 'jakarta', 'itu']","['program', 'nyeleneh', 'sasaran', 'alhasil', 'menjelang', 'jabatan', 'gubernur', 'jakarta', 'anies', 'kelabakan', 'anggota', 'komisi', 'dprd', 'dki', 'jakarta']","['program', 'nyeleneh', 'sasaran', 'alhasil', 'menjelang', 'jabatan', 'gubernur', 'jakarta', 'anies', 'kelabakan', 'anggota', 'komisi', 'dprd', 'dki', 'jakarta']","['program', 'nyeleneh', 'sasar', 'alhasil', 'jelang', 'jabat', 'gubernur', 'jakarta', 'anies', 'laba', 'anggota', 'komisi', 'dprd', 'dki', 'jakarta']"
86,bpn memasuki hari ke di bulan ramadan menteri agraria dan tata ruangkepala badan pertanahan nasional atrbpn sofyan djalil melakukan silaturahmi dengan masyarakat aceh jakarta di wisma taman iskandar muda jakarta,"['bpn', 'memasuki', 'hari', 'ke', 'di', 'bulan', 'ramadan', 'menteri', 'agraria', 'dan', 'tata', 'ruangkepala', 'badan', 'pertanahan', 'nasional', 'atrbpn', 'sofyan', 'djalil', 'melakukan', 'silaturahmi', 'dengan', 'masyarakat', 'aceh', 'jakarta', 'di', 'wisma', 'taman', 'iskandar', 'muda', 'jakarta']","['bpn', 'memasuki', 'ramadan', 'menteri', 'agraria', 'tata', 'ruangkepala', 'badan', 'pertanahan', 'nasional', 'atrbpn', 'sofyan', 'djalil', 'silaturahmi', 'masyarakat', 'aceh', 'jakarta', 'wisma', 'taman', 'iskandar', 'muda', 'jakarta']","['bpn', 'memasuki', 'ramadan', 'menteri', 'agraria', 'tata', 'ruangkepala', 'badan', 'pertanahan', 'nasional', 'atrbpn', 'sofyan', 'djalil', 'silaturahmi', 'masyarakat', 'aceh', 'jakarta', 'wisma', 'taman', 'iskandar', 'muda', 'jakarta']","['bpn', 'pasuk', 'ramadan', 'menteri', 'agraria', 'tata', 'ruangkepala', 'badan', 'tanah', 'nasional', 'atrbpn', 'sofyan', 'djalil', 'silaturahmi', 'masyarakat', 'aceh', 'jakarta', 'wisma', 'taman', 'iskandar', 'muda', 'jakarta']"
87,rt hingga saat ini program ramadhan berbagi front persaudaraan islam fpi telah mendistribusikan box lebih nasi kebuli mand,"['rt', 'hingga', 'saat', 'ini', 'program', 'ramadhan', 'berbagi', 'front', 'persaudaraan', 'islam', 'fpi', 'telah', 'mendistribusikan', 'box', 'lebih', 'nasi', 'kebuli', 'mand']","['program', 'ramadhan', 'berbagi', 'front', 'persaudaraan', 'islam', 'fpi', 'mendistribusikan', 'box', 'nasi', 'kebuli', 'mand']","['program', 'ramadhan', 'berbagi', 'front', 'persaudaraan', 'islam', 'fpi', 'mendistribusikan', 'box', 'nasi', 'kebuli', 'mand']","['program', 'ramadhan', 'bagi', 'front', 'saudara', 'islam', 'fpi', 'distribusi', 'box', 'nasi', 'kebuli', 'mand']"
88,semakin dekat dengan anda untuk memberikan layanan purna jual fingerspot hadir diberbagai lokasi jakarta bandung bekasi surabaya malang yogyakarta purwokerto semarang solo denpasar medan balikpapan banjarmasin pontianak,"['semakin', 'dekat', 'dengan', 'anda', 'untuk', 'memberikan', 'layanan', 'purna', 'jual', 'fingerspot', 'hadir', 'diberbagai', 'lokasi', 'jakarta', 'bandung', 'bekasi', 'surabaya', 'malang', 'yogyakarta', 'purwokerto', 'semarang', 'solo', 'denpasar', 'medan', 'balikpapan', 'banjarmasin', 'pontianak']","['layanan', 'purna', 'jual', 'fingerspot', 'hadir', 'diberbagai', 'lokasi', 'jakarta', 'bandung', 'bekasi', 'surabaya', 'malang', 'yogyakarta', 'purwokerto', 'semarang', 'solo', 'denpasar', 'medan', 'balikpapan', 'banjarmasin', 'pontianak']","['layanan', 'purna', 'jual', 'fingerspot', 'hadir', 'diberbagai', 'lokasi', 'jakarta', 'bandung', 'bekasi', 'surabaya', 'malang', 'yogyakarta', 'purwokerto', 'semarang', 'solo', 'denpasar', 'medan', 'balikpapan', 'banjarmasin', 'pontianak']","['layan', 'purna', 'jual', 'fingerspot', 'hadir', 'bagai', 'lokasi', 'jakarta', 'bandung', 'bekas', 'surabaya', 'malang', 'yogyakarta', 'purwokerto', 'semarang', 'solo', 'denpasar', 'medan', 'balikpapan', 'banjarmasin', 'pontianak']"
89,rt hingga saat ini program ramadhan berbagi front persaudaraan islam fpi telah mendistribusikan box lebih nasi kebuli mand,"['rt', 'hingga', 'saat', 'ini', 'program', 'ramadhan', 'berbagi', 'front', 'persaudaraan', 'islam', 'fpi', 'telah', 'mendistribusikan', 'box', 'lebih', 'nasi', 'kebuli', 'mand']","['program', 'ramadhan', 'berbagi', 'front', 'persaudaraan', 'islam', 'fpi', 'mendistribusikan', 'box', 'nasi', 'kebuli', 'mand']","['program', 'ramadhan', 'berbagi', 'front', 'persaudaraan', 'islam', 'fpi', 'mendistribusikan', 'box', 'nasi', 'kebuli', 'mand']","['program', 'ramadhan', 'bagi', 'front', 'saudara', 'islam', 'fpi', 'distribusi', 'box', 'nasi', 'kebuli', 'mand']"
90,rt teroris sumbar bersenjatakan golok sudah memasuki jakarta mau gulingkan kekuasaan jokowi drama anak negeri kian luc,"['rt', 'teroris', 'sumbar', 'bersenjatakan', 'golok', 'sudah', 'memasuki', 'jakarta', 'mau', 'gulingkan', 'kekuasaan', 'jokowi', 'drama', 'anak', 'negeri', 'kian', 'luc']","['teroris', 'sumbar', 'bersenjatakan', 'golok', 'memasuki', 'jakarta', 'gulingkan', 'kekuasaan', 'jokowi', 'drama', 'anak', 'negeri', 'kian', 'luc']","['teroris', 'sumbar', 'bersenjatakan', 'golok', 'memasuki', 'jakarta', 'gulingkan', 'kekuasaan', 'jokowi', 'drama', 'anak', 'negeri', 'kian', 'luc']","['teroris', 'sumbar', 'senjata', 'golok', 'pasuk', 'jakarta', 'guling', 'kuasa', 'jokowi', 'drama', 'anak', 'negeri', 'kian', 'luc']"
91,rt terjadi kebakaran pd apartemen palazo pkl di jl apron kel kebon kosong kec kemayoran titik kenal polsek kemay,"['rt', 'terjadi', 'kebakaran', 'pd', 'apartemen', 'palazo', 'pkl', 'di', 'jl', 'apron', 'kel', 'kebon', 'kosong', 'kec', 'kemayoran', 'titik', 'kenal', 'polsek', 'kemay']","['kebakaran', 'pd', 'apartemen', 'palazo', 'pkl', 'jl', 'apron', 'kel', 'kebon', 'kosong', 'kec', 'kemayoran', 'titik', 'kenal', 'polsek', 'kemay']","['kebakaran', 'pd', 'apartemen', 'palazo', 'pkl', 'jalan', 'apron', 'kel', 'kebon', 'kosong', 'kec', 'kemayoran', 'titik', 'kenal', 'polsek', 'kemay']","['bakar', 'pd', 'apartemen', 'palazo', 'pkl', 'jalan', 'apron', 'kel', 'kebon', 'kosong', 'kec', 'mayor', 'titik', 'kenal', 'polsek', 'kemay']"
92,pengaruh disiplin kerja dan stres kerja terhadap kinerja dengan motivasi kerja sebagai variabel intervening studi pada karyawan balai sidang jakarta convention center,"['pengaruh', 'disiplin', 'kerja', 'dan', 'stres', 'kerja', 'terhadap', 'kinerja', 'dengan', 'motivasi', 'kerja', 'sebagai', 'variabel', 'intervening', 'studi', 'pada', 'karyawan', 'balai', 'sidang', 'jakarta', 'convention', 'center']","['pengaruh', 'disiplin', 'kerja', 'stres', 'kerja', 'kinerja', 'motivasi', 'kerja', 'variabel', 'intervening', 'studi', 'karyawan', 'balai', 'sidang', 'jakarta', 'convention', 'center']","['pengaruh', 'disiplin', 'kerja', 'stres', 'kerja', 'kinerja', 'motivasi', 'kerja', 'variabel', 'intervening', 'studi', 'karyawan', 'balai', 'sidang', 'jakarta', 'convention', 'center']","['pengaruh', 'disiplin', 'kerja', 'stres', 'kerja', 'kerja', 'motivasi', 'kerja', 'variabel', 'intervening', 'studi', 'karyawan', 'balai', 'sidang', 'jakarta', 'convention', 'center']"
93,rt jakarta grogol selamat pagi watele,"['rt', 'jakarta', 'grogol', 'selamat', 'pagi', 'watele']","['jakarta', 'grogol', 'selamat', 'pagi', 'watele']","['jakarta', 'grogol', 'selamat', 'pagi', 'watele']","['jakarta', 'grogol', 'selamat', 'pagi', 'watele']"
94,berkabar ya kalau mau ke jakarta arep tak cubit cangkem,"['berkabar', 'ya', 'kalau', 'mau', 'ke', 'jakarta', 'arep', 'tak', 'cubit', 'cangkem']","['berkabar', 'jakarta', 'arep', 'cubit', 'cangkem']","['berkabar', 'jakarta', 'arep', 'cubit', 'cangkem']","['kabar', 'jakarta', 'arep', 'cubit', 'cangkem']"
95,saking otak nya ga mampu dan ga punya gagasan akhirnya ngibul ngarang cerita permukaan tanah jakarta udah naek buka data di urug kaga di timbun kaga kok bisa naek permukaan tanahnya yang naekin permukaan tanahnya jin apa tuyul ancol,"['saking', 'otak', 'nya', 'ga', 'mampu', 'dan', 'ga', 'punya', 'gagasan', 'akhirnya', 'ngibul', 'ngarang', 'cerita', 'permukaan', 'tanah', 'jakarta', 'udah', 'naek', 'buka', 'data', 'di', 'urug', 'kaga', 'di', 'timbun', 'kaga', 'kok', 'bisa', 'naek', 'permukaan', 'tanahnya', 'yang', 'naekin', 'permukaan', 'tanahnya', 'jin', 'apa', 'tuyul', 'ancol']","['saking', 'otak', 'gagasan', 'ngibul', 'ngarang', 'cerita', 'permukaan', 'tanah', 'jakarta', 'udah', 'naek', 'buka', 'data', 'urug', 'kaga', 'timbun', 'kaga', 'naek', 'permukaan', 'tanahnya', 'naekin', 'permukaan', 'tanahnya', 'jin', 'tuyul', 'ancol']","['saking', 'otak', 'gagasan', 'ngibul', 'ngarang', 'cerita', 'permukaan', 'tanah', 'jakarta', 'udah', 'naek', 'buka', 'data', 'urug', 'kaga', 'timbun', 'kaga', 'naek', 'permukaan', 'tanahnya', 'naekin', 'permukaan', 'tanahnya', 'jin', 'tuyul', 'ancol']","['saking', 'otak', 'gagas', 'ngibul', 'ngarang', 'cerita', 'muka', 'tanah', 'jakarta', 'udah', 'naek', 'buka', 'data', 'urug', 'kaga', 'timbun', 'kaga', 'naek', 'muka', 'tanah', 'naekin', 'muka', 'tanah', 'jin', 'tuyul', 'ancol']"
96,cari tanah kavling untuk bangun kebun buah terjangkau hubungi kavling tanah dijual murah di kavling desa wisata kebun buah saung estetik dekat jakarta,"['cari', 'tanah', 'kavling', 'untuk', 'bangun', 'kebun', 'buah', 'terjangkau', 'hubungi', 'kavling', 'tanah', 'dijual', 'murah', 'di', 'kavling', 'desa', 'wisata', 'kebun', 'buah', 'saung', 'estetik', 'dekat', 'jakarta']","['cari', 'tanah', 'kavling', 'bangun', 'kebun', 'buah', 'terjangkau', 'hubungi', 'kavling', 'tanah', 'dijual', 'murah', 'kavling', 'desa', 'wisata', 'kebun', 'buah', 'saung', 'estetik', 'jakarta']","['cari', 'tanah', 'kavling', 'bangun', 'kebun', 'buah', 'terjangkau', 'hubungi', 'kavling', 'tanah', 'dijual', 'murah', 'kavling', 'desa', 'wisata', 'kebun', 'buah', 'saung', 'estetik', 'jakarta']","['cari', 'tanah', 'kavling', 'bangun', 'kebun', 'buah', 'jangkau', 'hubung', 'kavling', 'tanah', 'jual', 'murah', 'kavling', 'desa', 'wisata', 'kebun', 'buah', 'saung', 'estetik', 'jakarta']"
97,rt march jakarta indonesia tickets info,"['rt', 'march', 'jakarta', 'indonesia', 'tickets', 'info']","['march', 'jakarta', 'indonesia', 'tickets', 'info']","['march', 'jakarta', 'indonesia', 'tickets', 'info']","['march', 'jakarta', 'indonesia', 'tickets', 'info']"
98,kenneth mengatakan pemerintah pusat selalu mencoba menjalin komunikasi atau kolaborasi dalam membenahi permasalahan di jakarta selama anies menjabat namun program yang dibuat anies kerap kali tidak sejalan,"['kenneth', 'mengatakan', 'pemerintah', 'pusat', 'selalu', 'mencoba', 'menjalin', 'komunikasi', 'atau', 'kolaborasi', 'dalam', 'membenahi', 'permasalahan', 'di', 'jakarta', 'selama', 'anies', 'menjabat', 'namun', 'program', 'yang', 'dibuat', 'anies', 'kerap', 'kali', 'tidak', 'sejalan']","['kenneth', 'pemerintah', 'pusat', 'mencoba', 'menjalin', 'komunikasi', 'kolaborasi', 'membenahi', 'permasalahan', 'jakarta', 'anies', 'menjabat', 'program', 'anies', 'kerap', 'kali', 'sejalan']","['kenneth', 'pemerintah', 'pusat', 'mencoba', 'menjalin', 'komunikasi', 'kolaborasi', 'membenahi', 'permasalahan', 'jakarta', 'anies', 'menjabat', 'program', 'anies', 'kerap', 'kali', 'sejalan']","['kenneth', 'perintah', 'pusat', 'coba', 'jalin', 'komunikasi', 'kolaborasi', 'benah', 'masalah', 'jakarta', 'anies', 'jabat', 'program', 'anies', 'kerap', 'kali', 'jalan']"
99,saya seorang petugas penunjang medis di rsud jakarta anak saya sakit bawa ke ugd sampai di rawat urusan administrasi ambil obat anter urine foto copy yg diperlukan urus sendiri kan anak kita yg sakit petugas juga terbatas berkorban lah,"['saya', 'seorang', 'petugas', 'penunjang', 'medis', 'di', 'rsud', 'jakarta', 'anak', 'saya', 'sakit', 'bawa', 'ke', 'ugd', 'sampai', 'di', 'rawat', 'urusan', 'administrasi', 'ambil', 'obat', 'anter', 'urine', 'foto', 'copy', 'yg', 'diperlukan', 'urus', 'sendiri', 'kan', 'anak', 'kita', 'yg', 'sakit', 'petugas', 'juga', 'terbatas', 'berkorban', 'lah']","['petugas', 'penunjang', 'medis', 'rsud', 'jakarta', 'anak', 'sakit', 'bawa', 'ugd', 'rawat', 'urusan', 'administrasi', 'ambil', 'obat', 'anter', 'urine', 'foto', 'copy', 'urus', 'anak', 'sakit', 'petugas', 'terbatas', 'berkorban']","['petugas', 'penunjang', 'medis', 'rsud', 'jakarta', 'anak', 'sakit', 'bawa', 'ugd', 'rawat', 'urusan', 'administrasi', 'ambil', 'obat', 'anter', 'urine', 'foto', 'copy', 'urus', 'anak', 'sakit', 'petugas', 'terbatas', 'berkorban']","['tugas', 'tunjang', 'medis', 'rsud', 'jakarta', 'anak', 'sakit', 'bawa', 'ugd', 'rawat', 'urus', 'administrasi', 'ambil', 'obat', 'anter', 'urine', 'foto', 'copy', 'urus', 'anak', 'sakit', 'tugas', 'batas', 'korban']"
